name,box_count,url
Drake Hotline Bling,2,https://i.imgflip.com/30b1gx.jpg
Two Buttons,3,https://i.imgflip.com/1g8my4.jpg
Distracted Boyfriend,3,https://i.imgflip.com/1ur9b0.jpg
Running Away Balloon,5,https://i.imgflip.com/261o3j.jpg
Buff Doge vs. Cheems,4,https://i.imgflip.com/43a45p.png
Left Exit 12 Off Ramp,3,https://i.imgflip.com/22bdq6.jpg
UNO Draw 25 Cards,2,https://i.imgflip.com/3lmzyx.jpg
Change My Mind,2,https://i.imgflip.com/24y43o.jpg
Gru's Plan,4,https://i.imgflip.com/26jxvz.jpg
Bernie I Am Once Again Asking For Your Support,2,https://i.imgflip.com/3oevdk.jpg
Woman Yelling At Cat,2,https://i.imgflip.com/345v97.jpg
Batman Slapping Robin,2,https://i.imgflip.com/9ehk.jpg
Expanding Brain,4,https://i.imgflip.com/1jwhww.jpg
Waiting Skeleton,2,https://i.imgflip.com/2fm6x.jpg
Disaster Girl,2,https://i.imgflip.com/23ls.jpg
Epic Handshake,3,https://i.imgflip.com/28j0te.jpg
Sad Pablo Escobar,3,https://i.imgflip.com/1c1uej.jpg
Boardroom Meeting Suggestion,4,https://i.imgflip.com/m78d.jpg
Monkey Puppet,2,https://i.imgflip.com/2gnnjh.jpg
I Bet He's Thinking About Other Women,2,https://i.imgflip.com/1tl71a.jpg
Panik Kalm Panik,3,https://i.imgflip.com/3qqcim.png
Always Has Been,2,https://i.imgflip.com/46e43q.png
Tuxedo Winnie The Pooh,2,https://i.imgflip.com/2ybua0.png
Mocking Spongebob,2,https://i.imgflip.com/1otk96.jpg
Blank Nut Button,2,https://i.imgflip.com/1yxkcp.jpg
"X, X Everywhere",2,https://i.imgflip.com/1ihzfe.jpg
Clown Applying Makeup,4,https://i.imgflip.com/38el31.jpg
Hide the Pain Harold,2,https://i.imgflip.com/gk5el.jpg
They're The Same Picture,3,https://i.imgflip.com/2za3u1.jpg
Bike Fall,3,https://i.imgflip.com/1b42wl.jpg
Inhaling Seagull,4,https://i.imgflip.com/1w7ygt.jpg
Guy Holding Cardboard Sign,2,https://i.imgflip.com/3l60ph.jpg
Is This A Pigeon,3,https://i.imgflip.com/1o00in.jpg
One Does Not Simply,2,https://i.imgflip.com/1bij.jpg
This Is Fine,2,https://i.imgflip.com/wxica.jpg
Roll Safe Think About It,2,https://i.imgflip.com/1h7in3.jpg
The Scroll Of Truth,2,https://i.imgflip.com/21tqf4.jpg
Ancient Aliens,2,https://i.imgflip.com/26am.jpg
Success Kid,2,https://i.imgflip.com/1bhk.jpg
American Chopper Argument,5,https://i.imgflip.com/2896ro.jpg
Laughing Leo,2,https://i.imgflip.com/4acd7j.png
Surprised Pikachu,3,https://i.imgflip.com/2kbn1e.jpg
This Is Where I'd Put My Trophy If I Had One,2,https://i.imgflip.com/1wz1x.jpg
Y'all Got Any More Of That,2,https://i.imgflip.com/21uy0f.jpg
Who Killed Hannibal,3,https://i.imgflip.com/28s2gu.jpg
Oprah You Get A,2,https://i.imgflip.com/gtj5t.jpg
Sleeping Shaq,2,https://i.imgflip.com/1nck6k.jpg
The Rock Driving,2,https://i.imgflip.com/grr.jpg
Marked Safe From,2,https://i.imgflip.com/2odckz.jpg
Hard To Swallow Pills,2,https://i.imgflip.com/271ps6.jpg
Finding Neverland,3,https://i.imgflip.com/3pnmg.jpg
Evil Kermit,2,https://i.imgflip.com/1e7ql7.jpg
Third World Skeptical Kid,2,https://i.imgflip.com/265k.jpg
Unsettled Tom,2,https://i.imgflip.com/2wifvo.jpg
Spongebob Ight Imma Head Out,2,https://i.imgflip.com/392xtu.jpg
Grandma Finds The Internet,2,https://i.imgflip.com/1bhw.jpg
Leonardo Dicaprio Cheers,2,https://i.imgflip.com/39t1o.jpg
Futurama Fry,2,https://i.imgflip.com/1bgw.jpg
Trump Bill Signing,2,https://i.imgflip.com/1ii4oc.jpg
Doge,5,https://i.imgflip.com/4t0m5.jpg
Star Wars Yoda,2,https://i.imgflip.com/8k0sa.jpg
Brace Yourselves X is Coming,2,https://i.imgflip.com/1bhm.jpg
That Would Be Great,2,https://i.imgflip.com/c2qn.jpg
Jack Sparrow Being Chased,2,https://i.imgflip.com/9vct.jpg
Cute Cat,2,https://i.imgflip.com/4xgqu.jpg
The Most Interesting Man In The World,2,https://i.imgflip.com/1bh8.jpg
Look At Me,2,https://i.imgflip.com/hmt3v.jpg
Bad Luck Brian,2,https://i.imgflip.com/1bip.jpg
See Nobody Cares,2,https://i.imgflip.com/3vzej.jpg
Imagination Spongebob,2,https://i.imgflip.com/3i7p.jpg
I Should Buy A Boat Cat,2,https://i.imgflip.com/tau4.jpg
First World Problems,2,https://i.imgflip.com/1bhf.jpg
I'll Just Wait Here,2,https://i.imgflip.com/2cp1.jpg
Third World Success Kid,2,https://i.imgflip.com/265j.jpg
Oprah You Get A Car Everybody Gets A Car,4,https://i.imgflip.com/49z6c.jpg
Marvel Civil War 1,2,https://i.imgflip.com/govs4.jpg
Yo Dawg Heard You,2,https://i.imgflip.com/26hg.jpg
Uncle Sam,2,https://i.imgflip.com/1x6f.jpg
Afraid To Ask Andy,2,https://i.imgflip.com/emccr.jpg
But That's None Of My Business,2,https://i.imgflip.com/9sw43.jpg
Laughing Men In Suits,2,https://i.imgflip.com/jrj7.jpg
Too Damn High,2,https://i.imgflip.com/1bik.jpg
Scared Cat,2,https://i.imgflip.com/2hgfw.jpg
Mugatu So Hot Right Now,2,https://i.imgflip.com/cv1y0.jpg
I'm The Captain Now,2,https://i.imgflip.com/hlmst.jpg
Who Would Win?,2,https://i.imgflip.com/1ooaki.jpg
"Say it Again, Dexter",2,https://i.imgflip.com/16iyn1.jpg
Don't You Squidward,2,https://i.imgflip.com/26br.jpg
Grumpy Cat,2,https://i.imgflip.com/8p0a.jpg
Squidward,2,https://i.imgflip.com/64ku.jpg
Me And The Boys,2,https://i.imgflip.com/320xfw.jpg
Car Salesman Slaps Roof Of Car,2,https://i.imgflip.com/2d3al6.jpg
Matrix Morpheus,2,https://i.imgflip.com/25w3.jpg
Y U No,2,https://i.imgflip.com/1bh3.jpg
Maury Lie Detector,2,https://i.imgflip.com/9iz9.jpg
Simba Shadowy Place,2,https://i.imgflip.com/7yk6.jpg
Shut Up And Take My Money Fry,2,https://i.imgflip.com/3si4.jpg
Bad Pun Dog,3,https://i.imgflip.com/7dusq.jpg
Happy Star Congratulations,4,https://i.imgflip.com/vdz0.jpg
X All The Y,2,https://i.imgflip.com/1bh9.jpg
